song_title,singer,film,year,emotion,keywords
Badtameez Dil,Benny Dayal,Yeh Jawaani Hai Deewani,2013,happy,party dance celebration fun energetic
Gallan Goodiyaan,Various Artists,Dil Dhadakne Do,2015,happy,celebration family joy festive happy
London Thumakda,Labh Janjua,Queen,2014,happy,dance wedding fun upbeat joyful
Nagada Sang Dhol,Shreya Ghoshal,Ram-Leela,2013,happy,festival celebration energetic vibrant happy
Balam Pichkari,Shalmali Kholgade,Yeh Jawaani Hai Deewani,2013,happy,holi festival fun playful happy
Aaj Ki Raat,Neha Kakkar,Stree,2018,happy,night dance party fun celebration
Ghungroo,Arijit Singh,War,2019,happy,dance energy celebration upbeat fun
Param Sundari,Shreya Ghoshal,Mimi,2021,happy,beautiful cheerful joyful vibrant happy
Dilbaro,Shankar Mahadevan,Raazi,2018,happy,joy bittersweet celebration happy emotions
Kesariya Title Track,Arijit Singh,Brahmastra,2022,happy,celebration festival joy bright happy
Dhing Dhing,Various,Kick,2014,happy,fun party upbeat energetic dance
Lungi Dance,Yo Yo Honey Singh,Chennai Express,2013,happy,fun upbeat party celebration energetic
Photocopy,Jav Ali,Youngistaan,2014,happy,fun quirky upbeat cheerful party
Humma Humma,AR Rahman,Bombay,1995,happy,dance fun energetic lively celebration
Ole Ole,Udit Narayan,Yeh Dillagi,1994,happy,fun love cheerful upbeat happy
Kala Chashma,Amar Arshi,Baar Baar Dekho,2016,happy,dance party fun celebration swag
Go Pagal,Raftaar,Judwaa 2,2017,happy,fun dance party crazy energetic
Nashe Si Chadh Gayi,Arijit Singh,Befikre,2016,happy,love intoxicated joy happy celebration
Sweetheart,Dev Negi,Kedarnath,2018,happy,love sweet happy cheerful joyful
Tujhe Kitna Chahne Lage (Happy),Arijit Singh,Kabir Singh,2019,happy,love happy beautiful feelings cheerful
Zingaat,Ajay-Atul,Dhadak,2018,happy,dance celebration joy energetic festive
Burjkhalifa,Lijo George,Laxmii,2020,happy,fun party energetic dance celebration
Manike Mage Hithe,Yohani,Thank God,2021,happy,fun cheerful upbeat dance happy
Moti,Jasleen Royal,Roohi,2021,happy,fun quirky happy energetic dance
Aithey Aa,Kanika Kapoor,Bharat,2019,happy,love celebration joy happy dance
Bhool Bhulaiyaa 2 Title,Arijit Singh,Bhool Bhulaiyaa 2,2022,happy,fun quirky dance party celebration
Naacho Naacho,Rahul Sipligunj,RRR,2022,happy,dance celebration joy energetic vibrant
Jugjugg Jeeyo,Neeti Mohan,Jugjugg Jeeyo,2022,happy,celebration family joy happy festive
Sher Khul Gaye Celebration,Various,Fighter,2024,happy,celebration power joy energetic dance
Dil Hai Chota Sa,Kavita Krishnamurthy,Roja,1992,happy,cute love joy innocent happy
Tunak Tunak Tun,Daler Mehndi,Album,1998,happy,fun dance upbeat energetic happy
Morni Banke,Neha Kakkar,Badhaai Do,2022,happy,wedding fun dance celebration happy
Genda Phool,Badshah,Album,2020,happy,fun earthy celebration happy dance
Butta Bomma,Armaan Malik,Ala Vaikunthapurramuloo,2020,happy,sweet love happy cheerful joyful
Jai Jai Shivshankar,Hrithik Roshan,War,2019,happy,power celebration fun energetic dance
Kangna,Udit Narayan,Tanu Weds Manu,2011,happy,love fun cheerful happy celebration
Dil Dooba,Udit Narayan,Khakee,2004,happy,love crush happy cheerful fun
Aankh Marey,Mika Singh,Simmba,2018,happy,fun dance celebration party energetic
Hauli Hauli,Garry Sandhu,De De Pyaar De,2019,happy,fun upbeat happy dance celebration
Psycho Saiyaan,Neha Kakkar,Saaho,2019,happy,love fun energetic dance party
Kamariya,Darshan Raval,Mitron,2018,happy,fun dance energetic celebration party
Ishaan,Armaan Malik,Toolsidas Junior,2021,happy,fun cheerful joyful happy energetic
Tum Hi Ho,Arijit Singh,Aashiqui 2,2013,sad,heartbreak loss longing separation love
Channa Mereya,Arijit Singh,Ae Dil Hai Mushkil,2016,sad,breakup farewell separation heartbreak crying
Kal Ho Naa Ho,Sonu Nigam,Kal Ho Naa Ho,2003,sad,life death loss emotional crying
Kabira,Rekha Bhardwaj,Yeh Jawaani Hai Deewani,2013,sad,separation longing missing love melancholy
Ae Dil Hai Mushkil,Arijit Singh,Ae Dil Hai Mushkil,2016,sad,unrequited love pain heartbreak sad
Teri Mitti,B Praak,Kesari,2019,sad,sacrifice patriotism loss emotional grief
Judaai,Arijit Singh,Badlapur,2015,sad,separation pain longing lonely sad
Phir Bhi Tumko Chahunna,Arijit Singh,Fitoor,2016,sad,heartbreak love pain missing lonely
Ik Vaari Aa,Arijit Singh,Raabta,2017,sad,longing love missing someone sad
Bekhayali,Sachet Tandon,Kabir Singh,2019,sad,heartbreak drunk pain lost love
Arijit Singh Medley,Arijit Singh,Various,2015,sad,emotional pain heartbreak longing sad
Tere Sang Yaara,Atif Aslam,Rustom,2016,sad,love lost separation emotional pain
Hamari Adhuri Kahani,Arijit Singh,Hamari Adhuri Kahani,2015,sad,incomplete love heartbreak sad pain
Enna Sona,Arijit Singh,Ok Jaanu,2016,sad,love missing longing separation sad
Woh Lamhe,Atif Aslam,Zeher,2005,sad,memories past love pain missing
O Saathi,Atif Aslam,Baaghi 2,2018,sad,love longing missing heartbreak pain
Tujhse Naraz Nahin,Lata Mangeshkar,Masoom,1983,sad,gentle pain love heartbreak emotional
Alvida,KK,Life In A Metro,2007,sad,goodbye separation farewell sad heartbreak
Tere Liye,Atif Aslam,Princes,2008,sad,love longing pain missing heartbreak
Agar Tum Saath Ho,Arijit Singh,Tamasha,2015,sad,separation love heartbreak pain missing
Kya Hua Tera Wada,Mohammad Rafi,Hum Kisise Kum Nahin,1977,sad,broken promise pain betrayal sad
Dard E Disco,Udit Narayan,Om Shanti Om,2007,sad,heartbreak pain loss emotional sad
Kuch Toh Hua Hai,Shreya Ghoshal,Kal Ho Naa Ho,2003,sad,confusion love pain emotional longing
Hum Ro Diye,Armaan Malik,Mubarakan,2017,sad,heartbreak crying pain longing sad
Roke Na Ruke Naina,Arijit Singh,Wazir,2016,sad,longing missing love pain emotional
Dil Diyan Gallan,Atif Aslam,Tiger Zinda Hai,2017,sad,love separation longing missing emotional
Teri Yaad,Atif Aslam,Album,2003,sad,memories missing love pain longing
Soch Na Sake,Arijit Singh,Airlift,2016,sad,longing love pain missing emotional
Phir Mohabbat,Arijit Singh,Murder 2,2011,sad,love pain longing heartbreak missing
Naina,Arijit Singh,Dangal,2016,sad,longing love pain missing emotional crying
Jo Bhi Main,Mohit Chauhan,Rockstar,2011,sad,lost self identity pain emotional sad
Muskurane,Arijit Singh,CityLights,2014,sad,hope pain emotion longing love
Jab Koi Baat Bigad Jaye,Jurm,Various,1989,sad,relationship problem pain heartbreak sad
Pachtaoge,Arijit Singh,Album,2019,sad,regret pain heartbreak loss sad
Hona Tha Pyar,Atif Aslam,Teri Meri Kahaani,2012,sad,love pain heartbreak separation sad
Ik Lamha,Harshdeep Kaur,Haider,2014,sad,longing love pain heartbreak emotional
Dil Ka Dariya,Various,Badlapur,2015,sad,pain heartbreak longing sad loss
Saware,Arijit Singh,Phantom,2015,sad,missing love longing pain emotional
Khairiyat,Arijit Singh,Chhichhore,2019,sad,missing love longing concern care
Woh Ladki Jo,Various,Dil To Pagal Hai,1997,sad,unrequited love pain missing heartbreak
Teri Meri Kahani,Arijit Singh,Gabbar Is Back,2015,sad,love story pain separation longing
Aadat,Atif Aslam,Kalyug,2005,sad,heartbreak habit missing love pain
Mera Naam Tu,Arijit Singh,Zero,2018,sad,love devotion longing pain heartbreak
Sochta Hoon,Udit Narayan,Refugee,2000,sad,longing love missing pain emotional
Tere Bina,AR Rahman,Guru,2007,romantic,love togetherness beautiful feelings beloved
Raataan Lambiyan,Jubin Nautiyal,Shershaah,2021,romantic,night love romance sweet feelings
Tum Se Hi,Mohit Chauhan,Jab We Met,2007,romantic,love first sight beautiful feelings
Pehla Nasha,Udit Narayan,Jo Jeeta Wohi Sikandar,1992,romantic,first love innocent feelings crush
Tera Ban Jaunga,Akhil Sachdeva,Kabir Singh,2019,romantic,love forever together feelings romance
Hasi Ban Gaye,Ami Mishra,Hamari Adhuri Kahani,2015,romantic,love smile happiness feelings romance
Mere Naam Tu,Abhay Jodhpurkar,Zero,2018,romantic,love devotion beautiful feelings deep
Roop Tera Mastana,Kishore Kumar,Aradhana,1969,romantic,attraction beauty love mesmerizing romance
Lag Jaa Gale,Lata Mangeshkar,Woh Kaun Thi,1964,romantic,embrace love gentle beautiful romance
Tere Mast Mast Do Nain,Rahat Fateh Ali Khan,Dabangg,2010,romantic,beautiful eyes love attraction romance
Teri Ore,Udit Narayan,Singh Is Kinng,2008,romantic,love devotion beautiful feelings romance
Sunn Raha Hai,Arijit Singh,Aashiqui 2,2013,romantic,love listening care beautiful romance
Main Tera Boyfriend,Arijit Singh,Raabta,2017,romantic,love playful crush feelings romance
Dilbaro,Shankar Mahadevan,Raazi,2018,romantic,love bittersweet feelings beautiful emotion
Tere Sang Yaara,Atif Aslam,Rustom,2016,romantic,love togetherness beautiful feelings romance
Jab Se Tere Naina,Udit Narayan,Saawariya,2007,romantic,eyes love attraction beautiful romance
Tumse Milke,Shaan,Main Hoon Na,2004,romantic,meeting love beautiful happy romance
Dil To Pagal Hai,Lata Mangeshkar,Dil To Pagal Hai,1997,romantic,heart love yearning beautiful romance
Pehli Nazar Mein,Atif Aslam,Race,2008,romantic,first glance love attraction instant romance
Tujh Mein Rab Dikhta Hai,Roop Kumar Rathod,Rab Ne Bana Di Jodi,2008,romantic,god love divine beautiful romance
Teri Deewani,Kailash Kher,Album,2006,romantic,devotion love deep beautiful romance
Kuch Kuch Hota Hai,Udit Narayan,Kuch Kuch Hota Hai,1998,romantic,love friendship beautiful feelings romance
Jaadu Hai Nasha Hai,Shreya Ghoshal,Jism,2003,romantic,intoxication love magic attraction romance
Teri Aankhon Mein,Darshan Raval,Sanam Teri Kasam,2016,romantic,eyes love beautiful deep romance
Tujhe Kitna Chahne Lage,Arijit Singh,Kabir Singh,2019,romantic,love intensity beautiful deep feelings
Mere Rashke Qamar,Rahat Fateh Ali Khan,Baadshaho,2017,romantic,beautiful attraction love divine romance
Kho Gaye Hum Kahan,Jasleen Royal,Baar Baar Dekho,2016,romantic,love lost beautiful feelings romance
Bol Do Na Zara,Armaan Malik,Azhar,2016,romantic,love confession beautiful feelings romance
Ilahi,Mohit Chauhan,Yeh Jawaani Hai Deewani,2013,romantic,wanderlust love beautiful feelings romance
Humsafar,Akhil Sachdeva,Badrinath Ki Dulhania,2017,romantic,companion love beautiful journey romance
Mann Mera,Gajendra Verma,Table No 21,2013,romantic,heart love longing beautiful romance
Tu Hi Mera,Sachet Tandon,MS Dhoni,2016,romantic,love devoted beautiful forever romance
Phir Mohabbat,Arijit Singh,Murder 2,2011,romantic,love reunion beautiful feelings romance
Teri Jhuki Nazar,Udit Narayan,Bin Tere Sanam,1994,romantic,gaze love shy beautiful romance
Sanam Re,Arijit Singh,Sanam Re,2016,romantic,love longing beautiful feelings romance
Tujhko Jo Paaya,Shaan,Notebook,2019,romantic,love found beautiful pure romance
Tu Meri,Lucky Ali,Bang Bang,2014,romantic,love mine beautiful devotion romance
Gerua,Arijit Singh,Dilwale,2015,romantic,rain love beautiful colors romance
Hum Tum,Udit Narayan,Hum Tum,2004,romantic,love friendship beautiful feelings romance
Aaj Jaane Ki Zid Na Karo,Farida Khanum,Album,1994,romantic,stay love request beautiful romance
Bin Tere,Shafqat Amanat Ali,I Hate Luv Storys,2010,romantic,without you love missing beautiful romance
Main Tenu Samjhawan Ki,Shreya Ghoshal,Humpty Sharma Ki Dulhania,2014,romantic,love understanding devotion romance
Kar Har Maidaan Fateh,Sukhwinder Singh,Sanju,2018,motivational,victory win achieve overcome success
Chak De India,Sukhwinder Singh,Chak De India,2007,motivational,teamwork win success believe achieve
Ziddi Dil,Various,Mary Kom,2014,motivational,determination fight achieve dream goal
Udaan,KK,Udaan,2010,motivational,dream fly achieve goal success
Sooraj Ki Baahon Mein,Shail Hada,Mohenjo Daro,2016,motivational,hope dream positive success achieve
Salaam India,Various,Mary Kom,2014,motivational,pride nation achieve success inspire
Tu Bhoola Jise,Arijit Singh,Airlift,2016,motivational,hope believe rise strength never give up
Udi Udi Jaye,Harshdeep Kaur,Raees,2017,motivational,soaring freedom spirit energy achieve
Dil Dhadakne Do Motivational,Priyanka Chopra,Dil Dhadakne Do,2015,motivational,dream live life achieve inspire
Phir Se Ud Chala,Mohit Chauhan,Rockstar,2011,motivational,rise fly again dream freedom achieve
Iktara Rise,Kavita Seth,Wake Up Sid,2009,motivational,rise wakeup dream achieve goal
Chale Chalo,AR Rahman,Lagaan,2001,motivational,perseverance fight never stop success
Woh Lamhe Motivational,Shafqat Amanat Ali,Zeher,2005,motivational,moments strength rise achieve goal
Dil Se Re,AR Rahman,Dil Se,1998,motivational,passion heart fire achieve overcome
Swades Theme,AR Rahman,Swades,2004,motivational,nation pride return home achieve rise
Jai Ho,AR Rahman,Slumdog Millionaire,2008,motivational,destiny win achieve hope rise
Lakshya,Shankar Mahadevan,Lakshya,2004,motivational,goal focus achieve win determination
Maula Mere,Salim Merchant,Chak De India,2007,motivational,god help strength believe achieve
Wavin Flag,Various,Album,2010,motivational,rise win achieve freedom strength
Zindagi Do Pal Ki,KK,Kites,2010,motivational,life short live fully achieve dream
Jeena Jeena,Atif Aslam,Badlapur,2015,motivational,life rise positive hope achieve
Nashe Si Motivational,Arijit Singh,Befikre,2016,motivational,high spirits positive energy achieve
Hud Hud Dabangg,Wajid Ali,Dabangg,2010,motivational,fearless power strength achieve rise
Jab Tak Hai Jaan,Mohit Chauhan,Jab Tak Hai Jaan,2012,motivational,life live fully achieve never stop
Bharat Theme,Various,Bharat,2019,motivational,nation pride strength achieve rise
Tu Hi Re,Hariharan,Bombay,1995,motivational,hope dream peace achieve strength
Zindagi Na Milegi Dobara,Shankar Mahadevan,ZNMD,2011,motivational,live life once achieve freedom
Kab Tak Pukarun,Arijit Singh,Mirziya,2016,motivational,call destiny achieve rise dream
Toh Zinda Ho Tum,Mohit Chauhan,Dil Dhadakne Do,2015,motivational,alive living dream achieve
Sooha Saaha,Rabbi Shergill,Highway,2014,motivational,freedom achieve dream open road
Chanda Re,Kavita Krishnamurthy,Sapnay,1996,motivational,dream reach stars achieve shine
Tu Jaane Na,Atif Aslam,Ajab Prem Ki Ghazab Kahani,2009,motivational,discover self worth believe achieve
Main Hoon Hero Tera,Armaan Malik,Hero,2015,motivational,hero strength rise achieve power
Bhaag Milkha Bhaag,Shankar Mahadevan,Bhaag Milkha Bhaag,2013,motivational,run achieve win never give up
Toofan,Various,Toofan,2021,motivational,storm power rise achieve strength
Desh Rangila,Mahalaxmi Iyer,Fanaa,2006,motivational,nation colors pride celebrate rise
Rang De Basanti,Daler Mehndi,Rang De Basanti,2006,motivational,rebellion power youth fight inspire
Sadda Haq,Mohit Chauhan,Rockstar,2011,motivational,rights claim fight achieve rise
Sultan Theme,Sukhwinder Singh,Sultan,2016,motivational,champion rise achieve fight win
Haanikaarak Bapu,Aamir Khan,Dangal,2016,motivational,daughter strength achieve dream rise
Nainowale Ne,Neeti Mohan,Padmaavat,2018,motivational,beauty strength achieve rise inspire
Zinda Hai Tu,Shankar Mahadevan,Bhaag Milkha Bhaag,2013,motivational,alive strong rise achieve win
Ishq Wala Love,Various,Student Of The Year,2012,motivational,love life dream achieve rise
Iktara Achieve,Kavita Seth,Wake Up Sid,2009,motivational,one string goal achieve dream
Manwa Laage,Shreya Ghoshal,Happy New Year,2014,motivational,heart desire achieve dream goal
Zinda,Siddharth Mahadevan,Bhaag Milkha Bhaag,2013,angry,power fierce energy intense angry
Sultan,Sukhwinder Singh,Sultan,2016,angry,fight power energy intense strength
Deva Shree Ganesha,Ajay-Atul,Agneepath,2012,angry,powerful intense fierce energy angry
Jai Ho Defiance,Sukhwinder Singh,Jai Ho,2014,angry,fight power defiance strength intense
Sher Khul Gaye Power,Vishal-Shekhar,Fighter,2024,angry,power strength fierce energy fight
Toofan Storm,KK,Toofan,2021,angry,power storm fierce angry energy
Angry Young Man,Various,Deewar,1975,angry,defiance power struggle angry intense
Bharat Power,Salman Khan,Bharat,2019,angry,strength pride intense emotion power
Sadda Haq Angry,Mohit Chauhan,Rockstar,2011,angry,rebellion defiance rights angry fierce
Dhaakad,Kailash Kher,Dangal,2016,angry,fearless powerful intense strong fight
Sher Aaya Sher,Sukhwinder Singh,Gully Boy,2019,angry,street power fight fierce angry
Raat Bhar,Armaan Malik,Sanju,2018,angry,dark intense fierce troubled angry
Agnipath,Various,Agnipath,2012,angry,fire path fierce intense powerful
Mard Ko Dard Nahin,Various,MKDN,2019,angry,fearless tough intense power angry
Subah Hogi,Various,Don,2006,angry,power dark intense fierce rising
Jumme Ki Raat,Mika Singh,Kick,2014,angry,power intense fierce energy strong
Bande Hain Hum Uske,Sonu Nigam,Jai Ho,2014,angry,power pride fierce intense nation
Bhaag DK Bose,Various,Delhi Belly,2011,angry,frustration anger rebellion fierce intense
Chikni Chameli Intense,Shreya Ghoshal,Agneepath,2012,angry,fierce power intense energy strong
Dhum Machale,Sunidhi Chauhan,Dhoom,2004,angry,power intense energy fierce rebellious
Rowdy Rathore,Sajid-Wajid,Rowdy Rathore,2012,angry,power fierce fight intense strong
Dagabaaz Re,Rahat Fateh Ali Khan,Dabangg 2,2012,angry,defiance power strong intense fight
Character Dheela,Shalmali Kholgade,Ready,2011,angry,defiant independent fierce strong angry
Boss,Various,Boss,2013,angry,power dominate fierce strong intense
Aata Majhi Satakli,Ajay-Atul,Singham Returns,2014,angry,fierce power intense storm fight
Saibo,Shreya Ghoshal,Shor In The City,2011,angry,intense deep emotion fierce power
Dil Dhadakne Do Fierce,Various,Dil Dhadakne Do,2015,angry,intense power fierce fight strong
Angrezi Beat,Yo Yo Honey Singh,Cocktail,2012,angry,fierce energy power intense party
Dilliwali Girlfriend,Arijit Singh,Yeh Jawaani Hai Deewani,2013,angry,edgy fierce fun intense energy
Laila Main Laila,Pawni Pandey,Raees,2017,angry,bold fierce intense power strong
Ghaint Punjab,Various,Udta Punjab,2016,angry,fierce intense state struggle angry
Tu Mera Hero,Various,Main Tera Hero,2014,angry,bold fierce intense power fun
Lag Ja Gale,Lata Mangeshkar,Woh Kaun Thi,1964,relaxed,peace calm serene gentle soothing
Iktara Relax,Kavita Seth,Wake Up Sid,2009,relaxed,peace calm gentle soulful soothing
Piya Bole,Shreya Ghoshal,Parineeta,2005,relaxed,peace serene gentle calm soothing
Tere Liye Relax,Lata Mangeshkar,Veer-Zaara,2004,relaxed,gentle calm peace soothing warm
Safar,Arijit Singh,Jab Harry Met Sejal,2017,relaxed,journey peaceful calm travel light
Khaabon Ke Parinday,Mohit Chauhan,Zindagi Na Milegi Dobara,2011,relaxed,dream freedom calm peaceful serene
Sooha Saaha Relax,Rabbi Shergill,Highway,2014,relaxed,freedom serene calm mountains peaceful
Nadaan Parindey,Mohit Chauhan,Rockstar,2011,relaxed,freedom peace youth gentle calm
Dil Dil Pakistan,Various,Album,1987,relaxed,peace gentle serene calm soothing
Abhi Mujh Mein Kahin,Sonu Nigam,Agneepath,2012,relaxed,soul peace calm introspective serene
Tu Hi Mera Sukoon,Various,Various,2015,relaxed,peace calm serenity gentle soothing
Naina Re,Neha Kakkar,Rockstar,2011,relaxed,eyes peace calm serene gentle
O Re Piya,Rahat Fateh Ali Khan,Aaja Nachle,2007,relaxed,love calm peace serene gentle
Tose Naina,Shreya Ghoshal,Mickey Virus,2013,relaxed,eyes calm peace gentle serene
Woh Chali,Shreya Ghoshal,Jhoom Barabar Jhoom,2007,relaxed,journey gentle calm peaceful serene
Sajde,Arijit Singh,Kill Dil,2014,relaxed,devotion calm peace gentle serene
Channa Mereya Relax,Arijit Singh,Ae Dil Hai Mushkil,2016,relaxed,calm peace gentle introspective serene
Ae Watan,Arijit Singh,Raazi,2018,relaxed,nation gentle calm peaceful serene
Kesariya Relax,Arijit Singh,Brahmastra,2022,relaxed,soul calm peace serene gentle
Heer,Javed Ali,Jab Tak Hai Jaan,2012,relaxed,pure love calm gentle serene
Dildara,AR Rahman,Ra One,2011,relaxed,calm peace gentle serene love
Maula Mere Relax,Salim Merchant,Chak De India,2007,relaxed,surrender peace calm gentle serene
Tu Jaane Na Relax,Atif Aslam,Ajab Prem Ki Ghazab Kahani,2009,relaxed,calm peace gentle serene soul
Mast Magan,Arijit Singh,2 States,2014,relaxed,intoxicated calm peace gentle serene
Dilbara,Various,Dhoom,2004,relaxed,calm joyful peace gentle serene
Jab Koi Baat Bigad Jaye Relax,Various,Jurm,1989,relaxed,calm peace gentle serenity resolve
Tere Naina,Sonu Nigam,Chandni Chowk To China,2009,relaxed,eyes calm peace gentle serene
Bol Na Halke Halke,Shreya Ghoshal,Jhoom Barabar Jhoom,2007,relaxed,softly gently calm peaceful serene
Tu Bhi Aisa Hai Na,Various,Airlift,2016,relaxed,calm reassurance peace gentle serene
Tu Kuja Mann Kuja,Various,Haider,2014,relaxed,peace calm spiritual serene gentle
Rasiya,Various,Jodhaa Akbar,2008,relaxed,peace royal calm serene gentle
Yeh Mera Deewanapan,Various,Various,2000,relaxed,calm soul peace gentle serene
Qismat Se,Udit Narayan,Sur Kshetra,2012,relaxed,fate calm peace gentle serene soul
Hai Dil Ye Mera,Arijit Singh,Hate Story 2,2014,relaxed,gentle calm introspective peace serene
Aye Khuda,Mohit Chauhan,Murder 2,2011,relaxed,spiritual calm peace introspective serene
Mile Ho Tum,Tony Kakkar,Fever,2016,relaxed,meeting love calm peaceful gentle
Dilnasheen,Various,Various,2010,relaxed,heart calming peace serene gentle
Bheegi Bheegi,Udit Narayan,Gangster,2006,relaxed,rain calm peace serene gentle
Tum Jo Aaye,Rahat Fateh Ali Khan,Once Upon A Time In Mumbai,2010,relaxed,arrival love calm peace gentle
Mujhe Haq Hai,Udit Narayan,Vivah,2006,relaxed,right love calm gentle serene
Tera Mujhse Hai Pehle Ka Naata,Kishore Kumar,Aa Gale Lag Ja,1973,relaxed,soul connection calm peaceful serene
Chal Chal Re Naujawan,Various,Classic,1940,relaxed,gentle journey calm peaceful old soul
Ajeeb Dastan Hai Yeh,Lata Mangeshkar,Dil Apna Aur Preet Parai,1960,relaxed,strange story calm gentle nostalgic
Waqt Ne Kiya,Geeta Dutt,Kaagaz Ke Phool,1959,relaxed,time calm nostalgic gentle serene
Baharon Phool Barsao,Mohammad Rafi,Suraj,1966,relaxed,flowers spring calm gentle serene
Gata Rahe Mera Dil,Kishore Kumar,Guide,1965,relaxed,heart singing calm peaceful serene
Mere Jeevan Saathi,Kishore Kumar,Mere Jeevan Saathi,1972,relaxed,companion calm peaceful serene gentle
Yeh Shaam Mastani,Kishore Kumar,Kati Patang,1971,relaxed,evening intoxicated calm serene gentle
Na Koi Umang Hai,Kishore Kumar,Amar Prem,1972,relaxed,no desire calm resigned peaceful gentle
Raina Beeti Jaye,Lata Mangeshkar,Amar Prem,1972,relaxed,night passing calm gentle peaceful serene
Ye Kya Hua,Kishore Kumar,Amar Prem,1972,relaxed,what happened calm introspective serene gentle
Zindagi Ek Safar,Kishore Kumar,Andaz,1971,relaxed,life journey calm serene peaceful
Yeh Dil Na Hota Bechara,Kishore Kumar,Jewel Thief,1967,relaxed,heart helpless calm gentle nostalgic
Roop Tera Mastana Relax,Kishore Kumar,Aradhana,1969,relaxed,beauty calm serene romantic gentle
Phoolon Ka Taaron Ka,Kishore Kumar,Hare Rama Hare Krishna,1971,relaxed,flowers stars calm gentle serene
Tere Bina Zindagi Se,Kishore Kumar,Aandhi,1975,relaxed,without you life calm introspective serene
Woh Sham Kuch Ajeeb Thi,Kishore Kumar,Khamoshi,1969,relaxed,evening strange calm nostalgic serene
Dil Ke Jharokhe Mein,Kishore Kumar,Brahmacharya,1968,relaxed,window heart calm gentle introspective
Ek Pyaar Ka Nagma Hai,Mukesh,Shor,1972,relaxed,love song calm peaceful serene
Koi Hota Jisko Apna,Kishore Kumar,Mere Apne,1971,relaxed,someone own calm gentle introspective
Yeh Raatein Yeh Mausam,Kishore Kumar,Dilli Ka Thug,1958,relaxed,nights weather calm gentle nostalgic
Meri Bheegi Bheegi Si,Kishore Kumar,Anamika,1973,relaxed,wet rainy calm gentle nostalgic
O Mere Dil Ke Chain,Kishore Kumar,Mere Jeevan Saathi,1972,relaxed,heart peace calm soothing gentle
Bade Acche Lagte Hain,Various,Balika Badhu,1976,relaxed,nice feeling calm gentle peaceful
Pal Pal Dil Ke Paas,Kishore Kumar,Blackmail,1973,relaxed,moment heart close calm gentle
Sun Saiba Sun,Lata Mangeshkar,Ram Teri Ganga Maili,1985,relaxed,listen calm gentle serene peaceful
Tumse Milke,Shaan,Main Hoon Na,2004,romantic,meeting love beautiful happy feeling
Do Dil Mil Rahe Hain,Kumar Sanu,Pardes,1997,romantic,two hearts meeting love beautiful romance
Yeh Dil Deewana,Sonu Nigam,Pardes,1997,romantic,heart crazy love beautiful feelings romance
Koi Mil Gaya,Udit Narayan,Kuch Kuch Hota Hai,1998,romantic,found someone love beautiful feeling
Tu Mere Saamne,Kumar Sanu,Darr,1993,romantic,before me love beautiful yearning romance
Tere Nainon Mein,Kumar Sanu,Darr,1993,romantic,eyes love beautiful deep yearning romance
Dil Hai Tumhara,Alka Yagnik,Dil Hai Tumhara,2002,romantic,heart yours love beautiful devotion
Aur Pyaar Ho Gaya,Kumar Sanu,Aur Pyaar Ho Gaya,1997,romantic,more love happened beautiful feelings romance
Jaadu Teri Nazar,Udit Narayan,Darr,1993,romantic,magic your gaze love beautiful attraction
O Saathi Re,Mukesh,Muqaddar Ka Sikandar,1978,romantic,companion love gentle beautiful devotion
Pyar Kiya To Darna Kya,Lata Mangeshkar,Mughal-E-Azam,1960,romantic,fearless love brave beautiful romance
Mere Sapnon Ki Rani,Kishore Kumar,Aradhana,1969,romantic,dreams queen love beautiful longing romance
Yeh Shaam Mastani,Kishore Kumar,Kati Patang,1971,romantic,evening intoxicated love beautiful romance
Aa Jaane Jaa,Kishore Kumar,Intaquam,1969,romantic,come love invitation beautiful romance
Chura Liya Hai Tumne,Asha Bhosle,Yaadon Ki Baaraat,1973,romantic,stolen heart love beautiful romance
Tere Bina Jiya Jaye Na,Lata Mangeshkar,Ghar,1978,romantic,without you life love beautiful devotion
Kuch Na Kaho,Kumar Sanu,1942 A Love Story,1994,romantic,silence love beautiful yearning romance
Ek Ladki Ko Dekha,Kumar Sanu,1942 A Love Story,1994,romantic,girl seen love beautiful attraction romance
Roja Theme,AR Rahman,Roja,1992,romantic,love nature beautiful longing serene
Humein Aur Jeene Ki,Shreya Ghoshal,Silsila,2005,romantic,more life love beautiful feelings romance
Tadap Tadap,KK,Hum Dil De Chuke Sanam,1999,romantic,yearning love pain beautiful romance
Aankhon Ki Gustakhiyan,Udit Narayan,Hum Dil De Chuke Sanam,1999,romantic,eyes bold love beautiful romance
Chand Sifarish,Shaan,Fanaa,2006,romantic,moon recommend love beautiful feelings romance
Suraj Hua Maddham,Sonu Nigam,Kabhi Khushi Kabhi Gham,2001,romantic,sun dim love beautiful feelings romance
Bole Chudiyan,Udit Narayan,Kabhi Khushi Kabhi Gham,2001,romantic,bangles love cheerful beautiful romance
Kabhi Khushi Kabhi Gham,Lata Mangeshkar,Kabhi Khushi Kabhi Gham,2001,romantic,sometimes love family beautiful feelings
Koi Kahe Kehta Rahe,Aryans,Dil Chahta Hai,2001,romantic,let them say love beautiful free romance
Woh Ladki Hai Kahaan,Shaan,Dil Chahta Hai,2001,romantic,where is she love search beautiful romance
Jaane Kyun,Shankar Ehsaan Loy,Dil Chahta Hai,2001,romantic,why friendship love beautiful feelings
Kal Ho Naa Ho Romantic,Sonu Nigam,Kal Ho Naa Ho,2003,romantic,tomorrow love beautiful feelings romance
It's The Time To Disco,Various,Kal Ho Naa Ho,2003,romantic,time celebrate love beautiful romance
Soni De Nakhre,Udit Narayan,Partner,2007,romantic,beauty quirks love beautiful attraction romance
Maahi Ve,Shreya Ghoshal,Highway,2014,romantic,beloved love beautiful longing pure
Pehli Baar Mohabbat,Mohit Chauhan,Kaminey,2009,romantic,first time love beautiful pure romance
Guzaarish,Sonu Nigam,Ghajini,2008,romantic,request love beautiful yearning romance
Main Se Maina,Sunidhi Chauhan,Dev D,2009,romantic,self love explore beautiful feelings
Aas Paas Hai Khuda,Atif Aslam,Anjaana Anjaani,2010,romantic,god nearby love beautiful pure romance
Tujhse Naraz Nahin Piya,Lata Mangeshkar,Masoom,1983,romantic,not angry love gentle beautiful romance
Kaash Aisa Hota,Udit Narayan,Dum,2003,romantic,wish if only love beautiful romance
Khuda Jaane,KK,Bachna Ae Haseeno,2008,romantic,god knows love beautiful pure romance
Ik Baar,Shafqat Amanat Ali,Race 3,2018,romantic,once love beautiful reunion romance
Ae Mere Humsafar,Udit Narayan,Baazigar,1993,romantic,companion love beautiful devotion romance
Meri Zindagi Mein,Udit Narayan,Duplicate,1998,romantic,my life love beautiful feelings romance
Meri Marzi,Sunidhi Chauhan,Meri Marzi,2001,romantic,my will love bold beautiful romance
Aaj Mausam Bada Beimaan Hai,Mohammad Rafi,Loafer,1973,romantic,weather deceitful love beautiful romance
Kya Hua Tera Wada Romantic,Mohammad Rafi,Hum Kisise Kum Nahin,1977,romantic,promise love beautiful feelings romance
Roop Suhana Lagta Hai,Udit Narayan,Gopi Kishan,1994,romantic,beautiful face love attraction romance
Tu Tu Hai Wahi,Asha Bhosle,Yeh Vaada Raha,1982,romantic,you are that one love beautiful romance
Woh Mera Dil,Kumar Sanu,Don,1995,romantic,my heart love beautiful devotion romance
Khilte Hain Gul Yahan,Kishore Kumar,Sharmilee,1971,romantic,flowers bloom love beautiful serene romance
Pukarta Chala Hoon Main,Mohammad Rafi,Meraa Saaya,1966,romantic,calling love yearning beautiful romance
Tum Bin Jaaon Kahan,Kishore Kumar,Pyar Ka Mausam,1969,romantic,without you where love beautiful devotion
Gaata Rahe Mera Dil Romantic,Kishore Kumar,Guide,1965,romantic,singing heart love beautiful serene romance
Dum Maaro Dum,Asha Bhosle,Hare Rama Hare Krishna,1971,happy,carefree free spirit energetic fun vibrant
Aao Huzoor,Asha Bhosle,Kismat,1968,happy,invitation love fun cheerful happy
Ek Chatur Naar,Kishore Kumar,Padosan,1968,happy,clever woman fun playful happy humor
Mere Saamne Wali Khidki Mein,Kishore Kumar,Padosan,1968,happy,window girl fun curious happy playful
Yeh Jo Mohabbat Hai,Kishore Kumar,Kati Patang,1971,happy,this love fun happy cheerful
O Haseena Zulfonwali,Mohammed Rafi,Teesri Manzil,1966,happy,beautiful girl fun happy attraction cheerful
Saamne Yeh Kaun Aaya,Kishore Kumar,Jawani Diwani,1972,happy,who came before fun happy surprise cheerful
Likhe Jo Khat Tujhe,Mohammad Rafi,Kanyadaan,1968,happy,letters fun love cheerful happy
Aaj Kal Tere Mere Pyaar Ke,Kishore Kumar,Brahmachari,1968,happy,love these days fun cheerful happy
Dost Dost Na Raha,Mohammad Rafi,Sangam,1964,happy,friend betrayal sad but defiant strong
Jawaan Hai Mohabbat,Kishore Kumar,Afsar,1950,happy,young love energetic cheerful happy
Akele Akele Kahan Ja Rahe Ho,Various,Jhuk Gaya Aasman,1968,happy,alone where going fun cheerful happy
Ek Do Teen,Alka Yagnik,Tezaab,1988,happy,counting dance fun energetic cheerful
My Name Is Lakhan,Mohammed Aziz,Ram Lakhan,1989,happy,name identity fun bold cheerful
Ole Ole Yeh Dillagi,Udit Narayan,Yeh Dillagi,1994,happy,fun cheerful upbeat happy playful
Saat Samundar,Udit Narayan,Vishwatma,1992,happy,seven seas fun dance energetic happy
Ruk Ruk Ruk,Various,Itihaas,1997,happy,stop fun playful cheerful happy
Dholi Taro,Falguni Pathak,Hum Dil De Chuke Sanam,1999,happy,folk dance fun energetic celebration happy
Aankh Marey Dekho,Alka Yagnik,Simmba,2018,happy,wink flirt fun cheerful happy
Didi Tera Devar Deewana,Kumar Sanu,Hum Aapke Hain Koun,1994,happy,sister brother devar fun wedding happy
Pehla Pehla Pyar,Udit Narayan,Hum Aapke Hain Koun,1994,happy,first love sweet cheerful happy
Lo Chali Main,Kavita Krishnamurthy,Hum Aapke Hain Koun,1994,happy,going wedding fun cheerful happy
Dholida,Shreya Ghoshal,Gangubai Kathiawadi,2022,happy,folk dance energetic fun celebration happy
Kesariya Holi,Various,Album,2022,happy,festival colors dance fun celebration happy
Bheegi Bheegi Raaton Mein,Various,Ajnabee,1974,happy,rainy nights fun playful cheerful
Patt Lainge,Various,Happy Bhag Jayegi,2016,happy,fun playful cheerful energetic happy
Manwa Laage Ha,Shreya Ghoshal,Happy New Year,2014,happy,heart wish new year fun celebration happy
Tumhari Kasam,Udit Narayan,Tumhari Kasam,2003,happy,your promise fun love cheerful happy
Sau Dard Hain,Udit Narayan,Kuch Naa Kaho,2003,sad,hundred pains heartbreak sad longing
Yeh Dil Tumhara Tha,Udit Narayan,Dil Ka Kya Kasoor,1992,sad,heart yours love pain sad
Bahut Pyaar Karte Hain,Kumar Sanu,Saajan,1991,sad,love you very much sad longing heartbreak
Jadu Teri Nazar Sad,Udit Narayan,Darr,1993,sad,magic gaze fear love pain
Mera Dil Bhi Kitna Pagal Hai,Kumar Sanu,Saajan,1991,sad,heart crazy love pain sad
Hum Aapke Hain Koun Sad,Various,Hum Aapke Hain Koun,1994,sad,family duty love loss sad
Kuch Na Kaho Sad,Kumar Sanu,1942 A Love Story,1994,sad,silence love pain heartbreak sad
Yaad Piya Ki Aaye,Falguni Pathak,Album,1999,sad,memory beloved coming sad longing
Woh Beete Din,Rahat Fateh Ali Khan,Album,2010,sad,those days passed memories sad nostalgic
Aata Majhi Satakli Sad,Various,Singham Returns,2014,sad,lost longing pain heartbreak sad
Teri Aankhon Mein Sad,Darshan Raval,Sanam Teri Kasam,2016,sad,eyes love pain sad heartbreak
Sanam Teri Kasam,Himesh Reshammiya,Sanam Teri Kasam,2016,sad,promise love death sad heartbreak
Khuda Jaane Sad,KK,Bachna Ae Haseeno,2008,sad,god knows love pain sad heartbreak
Jaane Kyun Sad,Shankar Mahadevan,Dil Chahta Hai,2001,sad,why loss friendship sad nostalgic
Aankhon Mein Teri,KK,Om Shanti Om,2007,sad,eyes love pain heartbreak sad longing
Mora Piya,Rahat Fateh Ali Khan,Raajneeti,2010,sad,my beloved gone sad longing heartbreak
Yeh Dooriyan,Mohit Chauhan,Love Aaj Kal,2009,sad,distances separation love sad pain
Alvida Sad,KK,Life In A Metro,2007,sad,goodbye separation farewell sad loss
Jab Koi Baat Bigad Jaye Sad,Various,Jurm,1989,sad,when something goes wrong sad pain
Dil Ka Dariya,Various,Badlapur,2015,sad,river heart flowing pain sad
Guzaarish Sad,Sonu Nigam,Ghajini,2008,sad,request love pain heartbreak sad
Tere Ishq Mein,Atif Aslam,Goliyon Ki Raasleela,2013,sad,your love pain heartbreak sad
Tu Hi Hai,Arijit Singh,NH10,2015,sad,only you love pain sad heartbreak
Dilwale Sad,Arijit Singh,Dilwale,2015,sad,braveheart love pain sad heartbreak
Bhula Dena,Mustafa Zahid,Aashiqui 2,2013,sad,forget love pain sad heartbreak
Sun Saathiya,Divya Kumar,ABCD Any Body Can Dance 2,2015,happy,listen friend dance fun energetic happy
Shake It,Udit Narayan,Mujhse Shaadi Karogi,2004,happy,shake dance fun energetic happy
Deewana Hua Pagal,Udit Narayan,Kashmir Ki Kali,1964,happy,crazy love fun cheerful happy
Ek Main Aur Ek Tu,Shafqat Amanat Ali,Ek Main Aur Ekk Tu,2012,happy,one and one together fun cheerful happy
Aaja Meri Jaan,Alka Yagnik,Amaanat,1994,happy,come my love invitation fun cheerful happy
Chham Chham,Various,ABCD Any Body Can Dance 2,2015,happy,dance fun cheerful energetic happy
High Heels,Jaz Dhami,Ki & Ka,2016,happy,fashion fun confident cheerful happy energetic
Gallan Goodiyaan Reprise,Various,Dil Dhadakne Do,2015,happy,reprise celebration fun family happy
Ishq Chupta Nahin,Udit Narayan,Baazigar,1993,happy,love hidden reveal fun cheerful happy
Chhote Chhote Bhaiyon Ke,Kavita Krishnamurthy,Hum Saath Saath Hain,1999,happy,brothers family fun cheerful happy
Mujhe Neend Na Aaye,Udit Narayan,Dil,1990,happy,cannot sleep love fun cheerful happy
Woh Saat Din,Udit Narayan,Saat Din,1983,happy,seven days love fun cheerful happy
Tumse Milke Dilka Jo Haal,Various,Main Hoon Na,2004,happy,meeting heart state fun love happy
Aaj Main Upar,Alka Yagnik,Khamoshi,1996,happy,today I rise love joy cheerful
Radha Nachegi,Various,Student of the Year 2,2019,happy,Radha dance celebration energetic happy
Char Baj Gaye,Various,Go Goa Gone,2013,happy,four o clock fun night party happy
Muqabala,AR Rahman,Humse Hai Muqabala,1994,happy,competition dance fun energetic cheerful
Jaati Hoon Main,Various,Khiladiyon Ka Khiladi,1996,happy,going fun cheerful energetic happy
Tip Tip Barsa Paani,Udit Narayan,Mohra,1994,happy,rain drops fun dance romantic happy
Chura Ke Dil Mera,Kumar Sanu,Main Khiladi Tu Anadi,1994,happy,stolen heart love fun happy cheerful
Aisa Pehle Kahan Hua,Various,Udhaar Ki Zindagi,1994,happy,never happened before love fun happy
Kuch Kuch Hota Hai Happy,Udit Narayan,Kuch Kuch Hota Hai,1998,happy,something something happens love fun happy
Yeh Kaali Kaali Aankhen,Kumar Sanu,Baazigar,1993,happy,black eyes love attraction happy fun
Dil Dil Dil,Various,Jurm,1990,happy,heart love fun cheerful happy
Dilwalon Ki Dilli,Various,Various,2015,happy,Delhi people fun cheerful energetic
Chand Ne Kuch Kaha,Various,Dil To Pagal Hai,1997,happy,moon said love fun cheerful happy
Ghoomar,Shreya Ghoshal,Padmaavat,2018,happy,dance tradition celebration royal happy
Pinga,Shreya Ghoshal,Bajirao Mastani,2015,happy,dance fun traditional celebration happy
Malhari,Vishal Dadlani,Bajirao Mastani,2015,happy,war celebration victory energetic happy
Deewani Mastani,Shreya Ghoshal,Bajirao Mastani,2015,happy,crazy in love dance celebration happy
Mohe Rang Do Laal,Shreya Ghoshal,Bajirao Mastani,2015,happy,color me red love celebration happy
Teri Mitti Motivational,B Praak,Kesari,2019,motivational,soil nation sacrifice achieve rise
Azaadiyan,Altamash Faridi,Dil Dhadakne Do,2015,motivational,freedom achieve dream open sky
Ae Watan,Arijit Singh,Raazi,2018,motivational,nation love sacrifice achieve return
Dhal Jaun Main,Various,Airlift,2016,motivational,melt love sacrifice achieve strength
Sandese Aate Hain,Various,Border,1997,motivational,messages border nation sacrifice strength
Maa,Shankar Mahadevan,Taare Zameen Par,2007,motivational,mother love believe achieve rise
Taare Zameen Par,Shankar Mahadevan,Taare Zameen Par,2007,motivational,stars earth believe potential achieve
Give Me Some Sunshine,Swanand Kirkire,3 Idiots,2009,motivational,sunshine hope dream achieve positive
Behti Hawa Sa Tha Woh,Sonu Nigam,3 Idiots,2009,motivational,breeze life dream achieve positive
All Izz Well,Aamir Khan,3 Idiots,2009,motivational,all is well positive achieve believe dream
Shubha Aahe,Various,Sairat,2016,motivational,auspicious morning hope dream achieve rise
Ae Dil Hai Mushkil Motivational,Arijit Singh,Ae Dil Hai Mushkil,2016,motivational,heart difficult love achieve strength
Tu Chahiye,Atif Aslam,Bajrangi Bhaijaan,2015,motivational,you needed love strength achieve connection
Bhar Do Jholi Meri,Adnan Sami,Bajrangi Bhaijaan,2015,motivational,fill my lap faith god achieve strength
Jag Ghumiya,Rahat Fateh Ali Khan,Sultan,2016,motivational,world roamed seen achieve experience rise
Kisi Ka Bhai Kisi Ki Jaan,Salman Khan,Kisi Ka Bhai Kisi Ki Jaan,2023,motivational,someone brother love achieve strength rise
Drishyam Theme,Various,Drishyam,2015,motivational,vision see achieve believe overcome
Kai Po Che,Various,Kai Po Che,2013,motivational,kite cutting win achieve victory celebration
Toote Tare,Various,Kai Po Che,2013,motivational,broken stars rise achieve dream believe
Bhag Bhaag,Various,Dhoom,2004,motivational,run fast achieve energy rise
Ab Hoga Dharna,Various,Rang De Basanti,2006,motivational,protest rights fight achieve rise
Luka Chuppi Motivational,Shreya Ghoshal,Rang De Basanti,2006,motivational,hide seek life discover achieve
Khoon Chala,Mohit Chauhan,Rang De Basanti,2006,motivational,blood flow nation sacrifice achieve
Roobaroo,KK,Rang De Basanti,2006,motivational,face to face life discover achieve rise
Dillagi,Udit Narayan,Dillagi,1994,happy,flirtation fun love cheerful happy
Laila O Laila,Sonu Nigam,Fiza,2000,happy,laila fun energetic dance cheerful happy
Bhai Bhai,Various,Naseeb,1997,happy,brothers fun family cheerful happy
Dil Le Gayi Kudi Gujarat Di,Various,Pardes,1997,happy,girl heart taken fun energetic happy
Yeh Raat,Sonu Nigam,Bazaab,2000,happy,night love fun cheerful happy
Dance Ka Bhoot,Arijit Singh,Brahmastra,2022,happy,dance ghost fun energetic cheerful happy
Bijlee Bijlee,Hardy Sandhu,Album,2021,happy,electricity fun energetic dance cheerful happy
Sauda Khara Khara,Various,Good Newwz,2019,happy,deal straight fun cheerful celebration happy
Nakhrewali,Various,Main Hoon Na,2004,happy,attitude girl fun cheerful happy playful
Tu Pyaar Hai,Udit Narayan,Criminal,1994,happy,you are love fun cheerful happy
Hai Rama,Various,Rangeela,1995,happy,oh god fun playful cheerful happy
Tanha Tanha,Various,Rangeela,1995,happy,alone together fun cheerful happy dance
Yaaron Dosti,KK,Kuch Kuch Hota Hai,1998,happy,friends friendship fun cheerful happy
Ek Rishta,Various,Ek Rishta,2001,happy,relationship family fun cheerful happy
Pyaar Ki Kashti Mein,Various,Kaho Naa Pyaar Hai,2000,happy,boat of love fun cheerful happy
Zindagi Mein Aate Hain,Various,Kaho Naa Pyaar Hai,2000,happy,life come love fun cheerful happy
Mujhe Dil Se Na Bhulo,Various,Agni Sakshi,1996,sad,from heart not forget love pain sad
Suno Na Suno,Kavita Krishnamurthy,Kuch Kuch Hota Hai,1998,sad,listen love pain separation sad
Main Khiladi Tu Anadi,Various,Main Khiladi Tu Anadi,1994,happy,player innocent fun cheerful happy
Raju Ban Gaya Gentleman,Various,Raju Ban Gaya Gentleman,1992,happy,gentleman fun cheerful happy rise
Didi,Various,Yaaron Ki Baraat,1998,happy,sister fun family cheerful happy
Aye Aye Aye,Various,Sir,1993,happy,fun exclamation cheerful happy dance
Woh Kaun Tha,Various,Woh Kaun Tha,1964,sad,who was that mystery sad eerie longing
Bhool Gaya Sab Kuch,Kishore Kumar,Jheel Ke Us Paar,1973,sad,forgot everything love pain sad loss
Aap Ki Ankhon Mein,Kishore Kumar,Ghar,1978,romantic,your eyes love beautiful feelings romance
Tu Is Tarah Se,Asha Bhosle,Thodi Si Bewafai,1980,sad,this way love pain betrayal sad
Baat Nahi Karni,Various,Bin Bulaye Baraati,1982,happy,not talking fun humorous cheerful happy
Mere Angne Mein,Various,Laawaris,1981,happy,my courtyard fun family celebration happy
Aaj Meri Jeet,Various,Various,1995,happy,today my victory celebration happy achievement
Pyar Karne Wale,Kumar Sanu,Shaan,1980,happy,those who love fun cheerful happy
Kabhi Haan Kabhi Naa,Udit Narayan,Kabhi Haan Kabhi Naa,1994,sad,sometimes yes sometimes no love uncertainty sad
Ek Ladki Ko Dekha Sad,Kumar Sanu,1942 A Love Story,1994,sad,girl seen love pain longing sad
Akele Hain To Kya,Various,Qayamat Se Qayamat Tak,1988,sad,alone so what love pain sad heartbreak
Papa Kehte Hain,Udit Narayan,Qayamat Se Qayamat Tak,1988,happy,father says dream achieve fun cheerful
Ae Mere Humsafar Sad,Udit Narayan,Baazigar,1993,sad,companion love pain separation sad
Aye Mere Humsafar Return,Various,Qayamat Se Qayamat Tak,1988,romantic,companion come love beautiful romance
Is Mod Se Jaate Hain,Lata Mangeshkar,Aandhi,1975,sad,from this turn going separation sad loss
Raina Beeti Jaye Sad,Lata Mangeshkar,Amar Prem,1972,sad,night passing love pain sad
Hum Tumse Juda Hokar,Lata Mangeshkar,Deewar,1975,sad,separated from you love pain sad
Kya Tujhe Ab,Various,MSGun,1970,sad,what now love pain sad longing
Yeh Galiyan Yeh Chaubaara,Various,Prem Rog,1982,sad,these lanes love memories sad nostalgia
Ek Hasina Thi,Kishore Kumar,Karz,1980,sad,a beautiful girl was there love pain sad
Main Pal Do Pal Ka Shayar,Mukesh,Kabhie Kabhie,1976,sad,moment poet love pain sad
Kabhie Kabhie Mere Dil Mein,Mukesh,Kabhie Kabhie,1976,sad,sometimes my heart love pain romantic sad
Dil Ke Armaan,Various,Nikaah,1982,sad,hearts desires love pain unfulfilled sad
Mera Kuch Samaan,Asha Bhosle,Ijaazat,1987,sad,my stuff love pain memories leaving sad
Katra Katra,Asha Bhosle,Ijaazat,1987,sad,drop by drop love pain waiting sad
Chitthi Aayi Hai,Pankaj Udhas,Naam,1986,sad,letter came far home missing sad
Na Jaane Kyun,Lata Mangeshkar,Chhoti Si Baat,1975,sad,don't know why love pain sadness melancholy
Tujhse Naraz Nahin Zindagi,Various,Masoom,1983,sad,not angry life love pain gentle sad
Dil Dhoondta Hai,Bhupinder Singh,Mausam,1975,sad,heart searching love pain longing sad
Hazaar Rahen,Various,Thodi Si Bewafai,1980,sad,thousand roads love pain lost sad
Yeh Kahan Aa Gaye Hum,Lata Mangeshkar,Silsila,1981,sad,where did we come love pain lost sad
Rang Barse,Amitabh Bachchan,Silsila,1981,happy,colors pour celebration holi fun happy
Neela Aasman,Various,Silsila,1981,romantic,blue sky love beautiful feelings romance
Do Lafzon Ki Hai,Lata Mangeshkar,The Great Gambler,1979,romantic,two words love beautiful feelings romance
Mere Desh Ki Dharti,Mahendra Kapoor,Upkar,1967,motivational,my land nation pride love achievement
Hum Honge Kamyab,Various,Classic,1980,motivational,we will succeed determination achieve dream
Sare Jahan Se Accha,Various,Classic,1904,motivational,best world nation pride love achievement
Jana Gana Mana,Various,National Anthem,1950,motivational,nation pride unity achievement rise
Vande Mataram,AR Rahman,Maa Tujhhe Salaam,1997,motivational,salute mother nation pride achievement
Apna Time Aayega,Divine,Gully Boy,2019,motivational,own time coming achieve rise dream
Meri Gully Mein,Divine,Gully Boy,2019,motivational,my lane rise from bottom achieve dream
Asli Hip Hop,Spitfire,Gully Boy,2019,motivational,real hip hop rise authentic achieve
Doori,Various,Gully Boy,2019,motivational,distance rise achieve overcome hardship
Azadi Gully,Various,Gully Boy,2019,motivational,freedom achieve rise fight system
Mere Gully Mein Rise,Naezy,Gully Boy,2019,motivational,my lane rise achieve fight overcome
Tu Kisi Rail Si,Mohit Chauhan,Dil Dhadakne Do,2015,sad,you like train passing by separation sad longing
Jiya Re,Shilpa Rao,Jab Tak Hai Jaan,2012,happy,heart living fun joy happy celebration
Ishqyaun Dhishqyaun,Aditi Paul,Goliyon Ki Raasleela,2013,happy,love fun quirky cheerful happy dance
Ramchandra Keh Gaye,Various,Classic,1950,motivational,Ramchandra said guidance wisdom achieve rise
Mann Kasturi Re,Various,Album,1985,relaxed,heart musk scent calm serene gentle
Sunle Jara,Various,Album,2016,relaxed,listen a bit calm gentle serene
Yeh Vaada Raha,Asha Bhosle,Yeh Vaada Raha,1982,romantic,this promise love beautiful devotion romance
Humko Humise Chura Lo,Various,Mohabbatein,2000,romantic,steal us from ourselves love beautiful romance
Mohabbatein Lutaata,Various,Mohabbatein,2000,romantic,showering love beautiful feelings romance
Pairon Mein Bandhan Hai,Kavita Krishnamurthy,Mohabbatein,2000,romantic,feet bound love beautiful romance feelings
Aankhein Khuli,Various,Mohabbatein,2000,romantic,eyes open love beautiful discovery romance
Guru Randhawa Tu Mera,Guru Randhawa,Album,2018,happy,you mine love cheerful fun happy
High Rated Gabru,Guru Randhawa,Album,2017,happy,high rated guy fun confident happy energetic
Slowly Slowly,Guru Randhawa,Album,2018,happy,slowly love fun cheerful happy playful
Lahore,Guru Randhawa,Album,2017,happy,Lahore city fun cheerful happy energetic
Made In India,Guru Randhawa,Album,2018,happy,made in India proud fun cheerful happy
Ban Ja Rani,Guru Randhawa,Tumhari Sulu,2017,happy,become queen love fun cheerful happy
Ishare Tere,Guru Randhawa,Care Of Footpath,2018,happy,signals yours fun flirt cheerful happy
Naah,Harrdy Sandhu,Album,2017,happy,no fun confident cheerful happy energetic
Backbone,Harrdy Sandhu,Album,2017,happy,backbone strong fun confident cheerful happy
Horn Blow,Harrdy Sandhu,Album,2016,happy,horn blow fun party energetic cheerful happy
Tere Naal Nachna,Badshah,Nawabzaade,2018,happy,dance with you fun energetic cheerful happy
Paani Paani,Badshah,Album,2021,happy,water fun energetic cheerful dance happy
Chamkeela Ankhiyon Wala,Shreya Ghoshal,Yodha,2024,romantic,bright eyes love beautiful attraction romance
Lut Gaye,Jubin Nautiyal,Album,2021,romantic,looted love beautiful yearning romance feelings
Teri Aankhein,Darshan Raval,Album,2020,romantic,your eyes love beautiful deep romance feelings
Kya Mujhe Pyaar Hai,KK,Woh Lamhe,2006,romantic,is this love confused beautiful feelings romance
Tujhe Dekha To,Kumar Sanu,Dilwale Dulhania Le Jayenge,1995,romantic,saw you love beautiful feelings romance
Mere Haath Mein,Udit Narayan,Fanaa,2006,romantic,in my hand love beautiful together romance
Yeh Ishq Haaye,Shreya Ghoshal,Jab We Met,2007,romantic,this love beautiful intense feelings romance
Nagme,AR Rahman,Rang De Basanti,2006,relaxed,poems calm gentle soothing serene
Mastam Mastam,Various,Jodhaa Akbar,2008,relaxed,intoxicated love calm serene gentle
Kehne Ko Humsafar Hain,Various,Kehne Ko Humsafar Hain,2018,sad,companions in name only love pain sad
Bewafa,Imran Khan,Album,2009,sad,unfaithful love pain betrayal sad heartbreak
Jinhe Naaz Hai,Various,Pyaasa,1957,angry,pride defiance social anger criticism
Yeh Duniya Agar Mil Bhi Jaye,Mohammad Rafi,Pyaasa,1957,angry,world given defiance rejection angry
Mein Pal Do Pal Ka Shayar,Mukesh,Kabhie Kabhie,1976,sad,moment poet love pain melancholy sad
Ek Ajnabee Haseena Se,Kishore Kumar,Ajnabee,1974,romantic,stranger beautiful love attraction romance
O Mere Dil,Kishore Kumar,Mere Jeevan Saathi,1972,romantic,oh my heart love beautiful feelings romance
Ae Dil Mujhe Bata De,Rafi,Baat Ek Raat Ki,1962,romantic,oh heart tell me love beautiful feelings
Teri Pyari Pyari Do Ankhiyan,Various,Dost,1974,romantic,two lovely eyes love beautiful attraction
Saathi Re,Kishore Kumar,Aradhana,1969,romantic,companion love beautiful together forever romance
Teri Galiyon Mein,Various,Bhola Bhala,1978,romantic,your lanes love beautiful yearning romance
Aap Yahan Aaye Kisliye,Various,Kudrat,1981,romantic,why did you come love beautiful question romance
Teri Chahat Ke Deewane,Kumar Sanu,Various,1995,romantic,crazy for your love beautiful feelings romance
Teri Ummeed Tera Intezaar,Kumar Sanu,Deewana,1992,romantic,your hope your wait love beautiful romance
Jab Koi Baat Bigad Jaye Romantic,Jurm,Various,1989,romantic,when problem love resolve beautiful romance
Dil Ke Jharokhe Mein Romance,Kishore Kumar,Brahmacharya,1968,romantic,window heart love beautiful feelings romance
Bahon Mein Chale Aao,Lata Mangeshkar,Anamika,1973,romantic,come into arms love beautiful embrace romance
Aap Ki Nazron Ne Samjha,Lata Mangeshkar,Anpadh,1962,romantic,your gaze understood love beautiful romance
Pyar Diwana Hota Hai,Kishore Kumar,Kati Patang,1971,romantic,love is crazy beautiful feelings romance
Ek Pyaar Ka Nagma Hai Romantic,Mukesh,Shor,1972,romantic,love song beautiful feelings romance calm
Ek Villain Title,Arijit Singh,Ek Villain,2014,angry,villain dark intense fierce angry
Rocky Handsome Theme,Various,Rocky Handsome,2016,angry,rocky fighter intense fierce angry power
Warrior Theme,Various,War,2019,angry,warrior fight power intense fierce strong
Hera Pheri Theme,Various,Hera Pheri,2000,angry,con scheme intense power fight
Munna Bhai Theme,Various,Munna Bhai MBBS,2003,angry,street smart power fight intense
Wanted Theme,Various,Wanted,2009,angry,wanted outlaw fierce power intense fight
Dabangg Theme,Sajid Wajid,Dabangg,2010,angry,fearless police power intense strong fight
Dabbang Hero,Various,Dabangg,2010,angry,hero power fight fearless intense strong
Gangs Of Wasseypur Theme,Various,Gangs of Wasseypur,2012,angry,gang revenge power intense fight fierce
Mirzapur Theme,Various,Mirzapur,2018,angry,territory power fight intense fierce strong
Sacred Games Theme,Various,Sacred Games,2018,angry,dark power intense fierce urban angry
Paan Singh Tomar,Various,Paan Singh Tomar,2012,angry,rebel outlaw fierce intense power strong
Bandit Queen Theme,Various,Bandit Queen,1994,angry,rebel woman fierce power fight intense
Sarkar Theme,Various,Sarkar,2005,angry,power rule fierce intense dominant strong
Talaash Theme,Sonu Nigam,Talaash,2012,angry,search dark intense power brooding angry
Bard Of Blood,Various,Bard of Blood,2019,angry,dark spy intense fierce power strong
Shootout Theme,Various,Shootout at Lokhandwala,2007,angry,shootout intense fierce fight power
Mumbai Meri Jaan Theme,Various,Mumbai Meri Jaan,2008,angry,city struggle intense fierce power angry
Black Theme,Various,Black,2005,angry,dark struggle intense fierce overcome power
1920 Horror Theme,Various,1920,2008,angry,dark intense horror fierce power angry
Raat Ka Nasha,Udit Narayan,Asoka,2001,relaxed,night intoxication calm serene gentle
Hawa Hawa,Shafqat Amanat Ali,Meri Pyaari Bindu,2017,relaxed,breeze calm light gentle serene peaceful
Tum Ho,Mohit Chauhan,Rockstar,2011,relaxed,you are calm love gentle serene peaceful
Jee Le Zaraa,Various,Talaash,2012,relaxed,live a little calm gentle serene peaceful
Sajdaa,Various,My Name Is Khan,2010,relaxed,prostration faith calm gentle serene spiritual
Khwaja Mere Khwaja,AR Rahman,Jodhaa Akbar,2008,relaxed,sufi devotion calm spiritual serene gentle
Arziyan,Javed Ali,Delhi 6,2009,relaxed,prayers devotion calm spiritual serene gentle
Tu Kuja,Various,Haider,2014,relaxed,where you calm spiritual serene gentle peaceful
Kun Faya Kun,AR Rahman,Rockstar,2011,relaxed,be and it is sufi calm spiritual serene
Dama Dam Mast Qalandar,Abida Parveen,Album,1998,relaxed,sufi ecstasy calm devotion spiritual serene
Allah Ke Bande,Kailash Kher,Waisa Bhi Hota Hai Part 2,2003,relaxed,god devotee calm spiritual serene gentle
Ya Ali,Zubeen Garg,Gangster,2006,relaxed,ya ali devotion calm spiritual serene gentle
Teri Deewani Relax,Kailash Kher,Album,2006,relaxed,devotion calm gentle spiritual serene peaceful
Man Laage,Various,Bajrangi Bhaijaan,2015,relaxed,mind absorbed calm devotion spiritual serene
Bhar Do Jholi Relax,Adnan Sami,Bajrangi Bhaijaan,2015,relaxed,fill devotion calm spiritual serene gentle
Ek Onkar,AR Rahman,Rang De Basanti,2006,relaxed,one god calm spiritual serene gentle devotion
Raghupati Raghava,Various,Classic,1930,relaxed,god Ram calm devotion spiritual serene gentle
Om Jai Jagdish,Various,Classic,1948,relaxed,praise god calm devotion spiritual serene gentle
Vaishnav Jan To,Various,Classic,1934,relaxed,Vaishnava person calm devotion spiritual serene
Ae Malik Tere Bande Hum,Various,Do Ankhen Barah Haath,1957,relaxed,god people calm devotion spiritual serene
Itni Shakti Hame Dena,Various,Ankush,1986,relaxed,give strength god calm devotion spiritual serene
Payoji Maine,Various,Album,1996,relaxed,found god calm devotion spiritual serene
Hari Om Hari,Usha Uthup,Pyaara Dushman,1980,relaxed,god chant calm devotion spiritual serene
Chalo Bulawa Aaya Hai,Pushpa Pagdhare,Avtaar,1983,relaxed,come called god calm devotion spiritual serene
Jyot Se Jyot,Various,Sant Tukaram,1963,relaxed,light from light calm devotion spiritual serene
Sankat Mochan,Various,Classic,1977,relaxed,remover of problems calm devotion spiritual serene
Mohe Rang De,Shreya Ghoshal,Bajirao Mastani,2015,relaxed,color me love calm gentle serene devotion
Aaj Jaane Ki Zid Na Karo,Farida Khanum,Album,1994,relaxed,stay request love calm gentle serene
Yeh Jo Mohabbat Hai Relax,Kishore Kumar,Kati Patang,1971,relaxed,this love calm gentle serene peaceful
Dum Dum,Various,Band Baaja Baaraat,2010,relaxed,breath by breath love calm gentle serene
Chaudhary,Mame Khan,Coke Studio,2015,relaxed,folk calm gentle serene earthly peaceful
Mand,Various,Coke Studio,2016,relaxed,folk melancholic calm serene gentle peaceful
Afreen Afreen,Rahat Fateh Ali Khan,Coke Studio,2016,relaxed,blessed beautiful calm gentle serene peaceful
Tajdar E Haram,Atif Aslam,Coke Studio,2015,relaxed,king sanctuary calm devotion spiritual serene
Paiyya,Various,Enthiran,2010,happy,fast fun energetic dance celebration happy
Rowdy Baby,Various,Maari 2,2018,happy,fun energetic dance celebration happy cheerful
Kannaana Kanney,Various,Viswasam,2019,sad,child love pain emotional gentle sad
Nee Himdhu Nee Himdhu,Various,Album,2019,happy,fun celebration energetic dance happy
Whistle Podu,Various,IPL Anthem,2023,happy,celebration cricket fun energetic happy
Khalibali,Shivam Pathak,Padmaavat,2018,angry,crazy intense fierce power angry strong
Dum Laga Ke Haisha,Various,Dum Laga Ke Haisha,2015,happy,effort love acceptance fun cheerful happy
Love Aaj Kal Title,Arijit Singh,Love Aaj Kal,2020,romantic,love today yesterday beautiful feelings romance
Shayad,Arijit Singh,Love Aaj Kal,2020,romantic,maybe love uncertain beautiful feelings romance
Haan Main Galat,Arijit Singh,Love Aaj Kal,2020,romantic,yes I am wrong love beautiful feelings romance
Mehramaan,Arijit Singh,Shiddat,2021,romantic,intimate love beautiful deep feelings romance
Mann Bharryaa,B Praak,Shiddat,2021,sad,heart full love pain sad heartbreak
Ranjha,B Praak,Shiddat,2021,romantic,Ranjha love beautiful deep feelings romance
Tu Aake Dekhle,Various,Student of the Year 2,2019,happy,you come see fun energetic cheerful happy
Mumbai Saga Theme,Various,Mumbai Saga,2021,angry,city power intense fierce strong fight
Sooryavanshi Theme,Various,Sooryavanshi,2021,angry,sun dynasty power intense fierce fight
Rohit Ka Style,Various,Simmba,2018,happy,style fun confident cheerful happy energetic
Ranveer Ching Returns,Various,Ching,2015,happy,return fun energetic cheerful happy
Deva Deva,Arijit Singh,Brahmastra,2022,motivational,god believe achieve spiritual rise power
Rasiya,Various,Brahmastra,2022,romantic,beloved love beautiful yearning feelings romance
Akhiyaan Gulaab,Mitraz,Teri Baaton Mein Aisa Uljha Jiya,2024,romantic,eyes rose love beautiful gentle romance
Heeriye,Jasleen Royal,Mission Raniganj,2023,romantic,diamond love beautiful precious feelings romance
Naina,Darshan Raval,Do Aur Do Pyaar,2024,romantic,eyes love beautiful deep feelings romance
Zaroorat,Aarushi Sharma,Ek Villain,2014,sad,need love pain heartbreak sad longing
Tumhe Apna Banane Ki,Sonu Nigam,Hate Story 3,2015,romantic,make you mine love beautiful feelings romance
Hua Hain Aaj Pehli Baar,Salim Merchant,Sanam Re,2016,romantic,happened today first time love beautiful romance
Ve Maahi,Arijit Singh,Kesari,2019,romantic,beloved love beautiful Punjab feelings romance
Taaron Ke Shehar,Neha Kakkar,Album,2021,romantic,city of stars love beautiful feelings romance
Tum Kya Mile,Arijit Singh,Rocky Aur Rani Kii Prem Kahaani,2023,romantic,what I got in you love beautiful feelings romance
Dil Ko Karaar Aaya,Neha Kakkar,Album,2020,relaxed,heart settled calm peace gentle serene
Rula Deti Hai,Various,Various,2019,sad,makes me cry love pain sad heartbreak
Phir Na Milen,Various,Hate Story 4,2018,sad,may not meet again love pain sad heartbreak
Haaye Oye,Various,Manmarziyaan,2018,sad,oh my love pain heartbreak sad intense
Daryaa,Amit Trivedi,Manmarziyaan,2018,sad,river flowing love pain sad longing
Sacchi Mohabbat,Various,Manmarziyaan,2018,romantic,true love beautiful feelings pure romance
Chandaniya,Various,Ferrari Ki Sawaari,2012,happy,moonlight fun cheerful wedding happy dance
Nagada,Shreya Ghoshal,Goliyon Ki Raasleela,2013,happy,drum celebration dance fun energetic happy
Tatad Tatad,Sukhwinder Singh,Goliyon Ki Raasleela,2013,sad,yearning love pain heartbreak sad
Lahu Munh Lag Gaya,Various,Goliyon Ki Raasleela,2013,angry,blood taste intense fierce power angry
Ang Laga De,Rahat Fateh Ali Khan,Goliyon Ki Raasleela,2013,romantic,touch me love beautiful intense romance
Aankhon Mein Teri,KK,Om Shanti Om,2007,romantic,in your eyes love beautiful deep romance
Dard E Disco Remix,Various,Om Shanti Om,2007,happy,disco dard fun remix energetic dance happy
Dhoom Again,Various,Dhoom 2,2006,happy,again fun energetic dance exciting happy
Crazy Kiya Re,Sunidhi Chauhan,Dhoom 2,2006,happy,crazy energetic dance fun exciting happy
Khoya Khoya Chand,Shafqat Amanat Ali,Khoya Khoya Chand,2007,sad,lost moon love pain melancholy sad
Agar Main Kahoon,Sonu Nigam,Lakshya,2004,romantic,if I say love beautiful feelings romance
Pehle Pehle Pyaar Ki,Various,Hum Aapke Hain Koun,1994,romantic,first love innocent feelings sweet romance
Didi Teri Beti,Various,Hum Saath Saath Hain,1999,happy,sister daughter family fun cheerful happy
Sajan Mere Satrangna,Various,Hum Saath Saath Hain,1999,happy,husband family love fun cheerful happy
Maiyya Yashoda,Alka Yagnik,Hum Saath Saath Hain,1999,happy,mother yashoda family fun cheerful happy
Pehle Toh Kabhi,Various,Hum Saath Saath Hain,1999,happy,first time family love fun cheerful happy
Har Dil Jo Pyar Karega,Sonu Nigam,Har Dil Jo Pyaar Karega,2000,romantic,every heart love beautiful feelings romance
Tu Mile Dil Khile,Various,Har Dil Jo Pyaar Karega,2000,romantic,you found heart blooms love beautiful romance
Main Tere Kadmon Mein,Kumar Sanu,Kareeb,1998,romantic,at your feet love devotion beautiful romance
Do Dil Ek Jaan,Various,Kareeb,1998,romantic,two hearts one soul love beautiful romance
Chori Chori Chupke Chupke,Various,Chori Chori Chupke Chupke,2001,romantic,secretly stealthily love beautiful feelings romance
Doli Sajao Ke,Various,Hum Saath Saath Hain,1999,happy,palanquin decorated wedding celebration family happy
Yeh Wada Raha,Various,Yeh Vaada Raha,1982,romantic,this promise love devotion beautiful romance
Nasha Ye Pyar Ka Nasha Hai,Udit Narayan,Pardes,1997,romantic,intoxication love beautiful feelings romance
I Love My India,Various,Pardes,1997,motivational,love India nation pride achieve rise
Yeh Zindagi Usi Ki Hai,Lata Mangeshkar,Anarkali,1953,sad,life belongs to him love pain sacrifice sad
Barsaat,Various,Barsaat,1949,romantic,rain love beautiful classic feelings romance
Aawara Hoon,Mukesh,Awaara,1951,happy,wanderer free fun carefree happy cheerful
Mera Joota Hai Japani,Mukesh,Awaara,1955,happy,shoes Japanese fun cheerful playful happy
Ghar Aaya Mera Pardesi,Lata Mangeshkar,Awaara,1951,happy,home came my stranger joy reunion happy
Ek Do Teen Char,Various,Taxi Number 9 2 11,2006,happy,one two three four fun counting cheerful happy
Ooh La La,Usha Uthup,The Dirty Picture,2011,happy,fun bold energetic sexy cheerful happy
Fevicol Se,Shreya Ghoshal,Dabangg 2,2012,happy,glue stuck fun energetic bold happy
Jhilmil,Various,Barfi,2012,happy,glimmer fun innocent joy cheerful happy
Aashiqui 2 Title,Arijit Singh,Aashiqui 2,2013,romantic,love story beautiful feelings deep romance
Chahun Main Ya Naa,Arijit Singh,Aashiqui 2,2013,romantic,want or not love beautiful uncertain romance
Galliyan,Ankit Tiwari,Ek Villain,2014,sad,lanes love pain heartbreak sad longing
Baarish,Various,Yaariyan,2014,romantic,rain love beautiful feelings romance
Pee Loon,Various,Once Upon A Time In Mumbai,2010,romantic,drink love intoxicated beautiful feelings romance
Tere Liye Hum,Various,Prince,2010,romantic,for you love beautiful feelings romance
Kahe Diya Pardes,Kavita Krishnamurthy,Subah,1982,sad,why left abroad love pain separation sad
Ae Zindagi Gale Laga Le,Suresh Wadkar,Sadma,1983,sad,oh life embrace love pain emotional sad
Tere Bina Bhi Kya Jeena,Udit Narayan,Aashiq,2001,sad,without you no living love pain sad
Bedardi Se Pyaar Ka,Udit Narayan,Judaai,1997,sad,heartless love pain sadness heartbreak
Babuji Dheere Chalna,Geeta Dutt,Aar Paar,1954,happy,careful steps fun flirt cheerful happy playful
Meri Jaan,Geeta Dutt,Baazi,1951,romantic,my life love beautiful devotion romance
Waqt Karta Jo Wafa,Various,Kajl,1956,sad,if time was loyal love pain sad longing
Tujhe Yaad Na Meri Aayi,Udit Narayan,Kuch Kuch Hota Hai,1998,sad,you forgot me love pain heartbreak sad
Ladki Badi Anjani Hai,Kumar Sanu,Kuch Kuch Hota Hai,1998,happy,mysterious girl love fun cheerful happy
Yeh Ladka Hai Allah,Udit Narayan,Kabhi Khushi Kabhi Gham,2001,happy,this boy oh god fun cheerful happy
Bole Chudiyan Reprise,Various,Kabhi Khushi Kabhi Gham,2001,happy,bangles reprise wedding fun cheerful happy
Shava Shava,Various,Kabhi Khushi Kabhi Gham,2001,happy,celebration fun family cheerful dance happy
Hum Hain Is Pal Yahan,Various,Kisna,2005,happy,we are here now fun present cheerful happy
Chalte Chalte,Udit Narayan,Chalte Chalte,2003,romantic,walking along love beautiful journey romance
Main Tera Dushman,Various,Nagina,1986,angry,your enemy intense fierce power angry
Jaadu Tona,Various,Nagina,1986,angry,magic spell intense fierce power angry
Hum Saath Saath Hain Theme,Various,Hum Saath Saath Hain,1999,happy,together always family love cheerful happy
Aisi Deewangi,Udit Narayan,Deewana,1992,romantic,such craziness love beautiful feelings romance
Sochenge Tumhe Pyaar,Various,Deewana,1992,sad,will think love to you pain separation sad
Aaja Mahi,Various,Yeh Dil Aashiqanaa,2002,romantic,come beloved love beautiful yearning romance
Teri Khwahish,Various,No Entry,2005,romantic,your desire love beautiful feelings romance
Pehchaan,Various,Various,2006,motivational,identity discover self achieve rise
Hum Tumhare Hain Sanam,Sonu Nigam,Hum Tumhare Hain Sanam,2002,romantic,yours my love beautiful devotion romance
Mera Dil,Various,Various,2005,romantic,my heart love beautiful feelings yearning romance
Tumne Dil Ko Dil Se Milaya,Various,Taarzan,2004,romantic,hearts met love beautiful connection romance
Sawariya Title,Ranbir Kapoor,Saawariya,2007,sad,beloved love pain yearning sad longing
Jab Se Tere Naina Sad,Udit Narayan,Saawariya,2007,sad,eyes love pain longing sad heartbreak
O Saathi Sad,Atif Aslam,Baaghi 2,2018,sad,companion love pain loss sad heartbreak
Theher Ja,Various,October,2018,sad,stop love pain emotional sad heartbreak
Parchhaiyaan,Jubin Nautiyal,Genius,2018,sad,shadows love pain longing sad
Bol Do Na Zara Sad,Armaan Malik,Azhar,2016,sad,speak up love pain heartbreak sad
Teri Khair Mangdi,Bilal Saeed,Baar Baar Dekho,2016,romantic,your wellbeing love beautiful gentle romance
Sau Aasman,Shekhar Ravjiani,Baar Baar Dekho,2016,romantic,hundred skies love beautiful limitless romance
Kala Sha Kala,Various,Bawaal,2023,happy,black color fun energetic dance cheerful happy
Jhoome Jo Pathaan,Arijit Singh,Pathaan,2023,happy,dance Pathaan fun energetic celebration happy
Besharam Rang,Shilpa Rao,Pathaan,2023,happy,shameless color fun bold energetic happy
Arjan Vailly,Bhupinder Babbal,Animal,2023,angry,fierce raw power intense fight strong angry
Hua Main,Shreya Ghoshal,Animal,2023,romantic,I became love beautiful deep feelings romance
Satranga,Arijit Singh,Animal,2023,romantic,seven colors love beautiful deep feelings romance
Papa Meri Jaan,Various,Animal,2023,sad,father love pain emotional sad
Jab Se Aaye Ho,Various,Tu Jhoothi Main Makkaar,2023,romantic,since you came love beautiful feelings romance
Tere Pyaar Mein,Arijit Singh,Tu Jhoothi Main Makkaar,2023,romantic,in your love beautiful immersed feelings romance
Mast Malang,Various,Bade Miyan Chote Miyan,2024,happy,carefree fun energetic dance celebration happy
Har Har Mahadev,Various,Oh My God 2,2023,motivational,Shiva devotion believe achieve spiritual rise
Naina,Various,Crew,2024,happy,eyes fun playful energetic cheerful happy dance
Chaleya,Arijit Singh,Jawan,2023,romantic,moving forward love beautiful feelings journey romance
Zinda Banda,Vishal Dadlani,Jawan,2023,motivational,alive rise achieve energetic strong power
Not Ramaiya Vastavaiya,Vishal Dadlani,Jawan,2023,angry,not that fierce power intense fight strong
Pyaar Hota Kayi Baar Hai,Arijit Singh,Rocky Aur Rani Kii Prem Kahaani,2023,romantic,love happens many times beautiful feelings romance
Viah,Various,Rocky Aur Rani Kii Prem Kahaani,2023,happy,wedding celebration fun dance festive happy
What Jhumka,Shreya Ghoshal,Rocky Aur Rani Kii Prem Kahaani,2023,happy,what earring fun flirt cheerful happy
Doobey,Arijit Singh,Gehraiyaan,2022,romantic,drowned love deep feelings beautiful romance
Gehraiyaan Title,OAFF,Gehraiyaan,2022,sad,depths love pain heartbreak sad longing
Aashiqui Aa Gayi,Arijit Singh,Radhe Shyam,2022,romantic,love arrived beautiful feelings romance dream
Tera Hone Laga Hoon,Atif Aslam,Ajab Prem Ki Ghazab Kahani,2009,romantic,becoming yours love beautiful feelings romance
Do You Know,Various,Housefull 3,2016,happy,fun question party energetic cheerful happy
Gallan Goodiyaan Club,Various,Dil Dhadakne Do,2015,happy,club version celebration fun energetic happy
Ishq Wala Love Full,Various,Student of the Year,2012,romantic,love school pure beautiful feelings romance
Radha Teri Chunari,Various,Student of the Year,2012,happy,Radha chunari fun cheerful energetic happy
Disco Deewane,Various,Student of the Year,2012,happy,disco crazy fun energetic dance happy
Tujhse Milke,Shreya Ghoshal,Main Hoon Na,2004,romantic,meeting you love beautiful pure feelings romance
Chand Taare,Various,Yes Boss,1997,romantic,moon stars love beautiful yearning romance
Oh Oh Jane Jaana,Various,Pyaar Kiya To Darna Kya,1998,happy,oh beloved fun flirt cheerful happy
Aate Jaate,Various,Maine Pyaar Kyun Kiya,2005,happy,coming going fun cheerful energetic happy
Meri Neend,Udit Narayan,Chaahat,1996,sad,my sleep love pain missing sad
Sandese Aate Hain Reprise,Various,Border,1997,sad,messages missing home nation sad pain
Ghar Aaja Pardesi,Lata Mangeshkar,DDLJ,1995,sad,come home stranger missing love sad pain
Tu Har Lamha,Arijit Singh,Khamoshiyan,2015,romantic,you every moment love beautiful forever romance
Bheeg Loon,Various,Khamoshiyan,2015,romantic,get wet rain love beautiful feelings romance
Aaj Phir Tumpe,Arijit Singh,Hate Story 2,2014,romantic,today again on you love beautiful intensity romance
Wajah Tum Ho,Armaan Malik,Hate Story 3,2015,romantic,reason you are love beautiful feelings romance
Main Rang Sharbaton Ka,Arijit Singh,Phata Poster Nikhla Hero,2013,romantic,color sherbets love beautiful feelings romance
Tu Hi Toh Hai,Benny Dayal,Jo Jeeta Wohi Sikandar,2013,romantic,only you are love beautiful feelings romance
Dil Ibadat,KK,Tum Mile,2009,romantic,heart worship love beautiful devotion romance
Tum Mile Sad,Neeraj Shridhar,Tum Mile,2009,sad,you met love pain rain sad heartbreak
Sun Le Zara,Various,Shuddh Desi Romance,2013,romantic,listen please love beautiful feelings romance
Tere Mere,Various,Chef,2017,sad,yours mine love pain separation sad
Sun Saathiya,Various,ABCD 2,2015,happy,listen companion dance fun cheerful happy
Bezubaan Phir Se,Various,ABCD 2,2015,motivational,wordless again rise dance achieve dream
Muqabala Dance,Various,Street Dancer,2020,motivational,competition dance rise achieve energy power
Illegal Weapon,Various,Street Dancer,2020,happy,fun bold dance energetic cheerful happy
Garmi,Various,Street Dancer,2020,happy,heat fun party energetic dance cheerful happy
Bhula Dunga,Sidharth Shukla,Album,2020,sad,will forget love pain heartbreak sad
Shayad Relax,Arijit Singh,Love Aaj Kal,2020,relaxed,maybe calm uncertain gentle serene peaceful
Dil Bechara Title,AR Rahman,Dil Bechara,2020,sad,helpless heart cancer love pain sad
Taare Ginn,Various,Dil Bechara,2020,sad,count stars cancer love pain emotional sad
Khulke Jeena Dil Bechara,Various,Dil Bechara,2020,happy,live fully cancer life joy happy celebrate
Aur Pyaar Hota Hai,Various,Various,2021,romantic,more love happens beautiful feelings romance
Mann Kunto Maula,Various,Bajrangi Bhaijaan,2015,relaxed,whoever is master calm spiritual devotion serene
Teri Mitti Reprise,B Praak,Kesari,2019,sad,soil nation sacrifice loss pain sad
Tenu Suit Suit,Various,Hindi Medium,2017,happy,you suit fun compliment cheerful happy
Bom Diggy,Various,Sonu Ke Titu Ki Sweety,2018,happy,fun energetic dance party cheerful happy
Tera Yaar Hoon Main,Arijit Singh,Sonu Ke Titu Ki Sweety,2018,happy,your friend I am friendship love happy
Tu Sooraj Main Saanjh,Various,Prem Ratan Dhan Payo,2015,romantic,you sun evening love beautiful balance romance
Jalte Diye,Various,Prem Ratan Dhan Payo,2015,romantic,lit lamps love beautiful feelings romance
Prem Ratan Dhan Payo,Palak Muchhal,Prem Ratan Dhan Payo,2015,happy,love jewel found fun celebration happy
Aaj Unse Milna Hai,Various,Prem Ratan Dhan Payo,2015,happy,today meeting fun anticipation cheerful happy
Hawa Badlo,Various,Prem Ratan Dhan Payo,2015,motivational,change wind rise achieve new beginning
Pahle Ishq,Various,Jab Tak Hai Jaan,2012,romantic,first love beautiful feelings pure romance
Jiya Re,Shilpa Rao,Jab Tak Hai Jaan,2012,happy,heart life joy happy celebration fun
Saans,Various,Jab Tak Hai Jaan,2012,romantic,breath love beautiful deep feelings romance
Ishq Shava,Various,Jab Tak Hai Jaan,2012,happy,love spirit fun energetic cheerful happy dance
Next Level,Various,Student of the Year 2,2019,motivational,next level rise achieve goal power strong
Mumbai Dilli Di Kudiyaan,Various,Student of the Year 2,2019,happy,Mumbai Delhi girls fun energetic cheerful happy
The Jawaani Song,Various,Student of the Year 2,2019,happy,youth song fun energetic cheerful happy dance
Hook Up Song,Various,Student of the Year 2,2019,happy,fun connect party energetic cheerful happy
Dil Na Jaaneya,Various,Good Newwz,2019,sad,heart not knowing love pain heartbreak sad
Chandigarh Mein,Various,Good Newwz,2019,happy,Chandigarh fun celebration cheerful happy
Chandigarh Kare Aashiqui,Various,Chandigarh Kare Aashiqui,2021,romantic,Chandigarh love beautiful modern feelings romance
Tere Vich Rab Disda,Various,Rab Ne Bana Di Jodi,2008,romantic,god in you love beautiful divine romance
Dance Pe Chance,Sunidhi Chauhan,Rab Ne Bana Di Jodi,2008,happy,chance to dance fun cheerful energetic happy
Haule Haule,Various,Rab Ne Bana Di Jodi,2008,romantic,slowly slowly love beautiful gentle feelings romance
Phir Milenge Chalte Chalte,Shaan,Rab Ne Bana Di Jodi,2008,happy,meet again walking fun love cheerful happy
Tu Meri,AR Rahman,Bang Bang,2014,romantic,you mine love beautiful feelings devotion romance
Meherbaan,Various,Bang Bang,2014,romantic,merciful kind love beautiful feelings romance
Massalam,Various,Bang Bang,2014,happy,spicy fun energetic dance cheerful happy
Bollywood Classics Medley,Various,Various,1970,happy,classic hits fun nostalgic cheerful happy
Golden Era Songs,Various,Various,1960,relaxed,golden era calm gentle nostalgic serene peaceful
Old Is Gold,Various,Various,1950,relaxed,timeless calm gentle nostalgic serene peaceful
Purani Jeans,Ali Haider,Mast,1999,relaxed,old jeans memories calm gentle nostalgic serene
Bachpan Ka Pyaar,Sahdev Dirdo,Album,2021,happy,childhood love innocent fun cheerful happy
Teri Kami,Bilal Saeed,Album,2016,sad,your absence love pain missing sad heartbreak
Jadu Ki Jhappi,Various,Munna Bhai MBBS,2003,happy,magic hug fun warmth cheerful happy healing
Yeh Jo Halka Halka Suroor Hai,Nusrat Fateh Ali Khan,Aur Pyaar Ho Gaya,1997,relaxed,slight intoxication love calm gentle serene
Afsos Karoge,Various,Various,2018,sad,regret will love pain loss sad heartbreak
Dil Ko Maine Di Kasam,Various,Aatish,1994,sad,heart I gave oath love pain sad
Nasha,Various,Nasha,2013,romantic,intoxication love beautiful feelings deep romance
Aafreen Aafreen Classic,Nusrat Fateh Ali Khan,Aafreen,1992,romantic,blessed beautiful love divine classic romance
Mere Yaar Ki Shaadi Hai,Various,Mere Yaar Ki Shaadi Hai,2002,happy,friend wedding celebration fun cheerful happy
Aaye Ho Meri Zindagi Mein,Udit Narayan,Raja Hindustani,1996,romantic,came into my life love beautiful feelings romance
Pardesi Pardesi,Various,Raja Hindustani,1996,sad,stranger stranger love pain separation sad
Kitni Akeli Kitni Tanha,Various,Raja Hindustani,1996,sad,alone lonely love pain sad missing
